{"entities":{"pages":{"Getting-Started":{"id":"Getting-Started","title":"Getting Started","url":"getting-started.html","level":0,"tabIndex":0},"Installing-Mods":{"id":"Installing-Mods","title":"Installing Mods","url":"installing-mods.html","level":0,"pages":["Using-r2modman","Sharing-r2modman-Profiles","Configuring-Mods"],"tabIndex":1},"Using-r2modman":{"id":"Using-r2modman","title":"Using r2modman","url":"using-r2modman.html","level":1,"parentId":"Installing-Mods","tabIndex":0},"Sharing-r2modman-Profiles":{"id":"Sharing-r2modman-Profiles","title":"Sharing r2modman Profiles","url":"sharing-r2modman-profiles.html","level":1,"parentId":"Installing-Mods","tabIndex":1},"Configuring-Mods":{"id":"Configuring-Mods","title":"Configuring Mods","url":"configuring-mods.html","level":1,"parentId":"Installing-Mods","tabIndex":2},"Creating-Mods":{"id":"Creating-Mods","title":"Creating Mods","url":"creating-mods.html","level":0,"pages":["Initial-Setup","Starting-A-Mod"],"tabIndex":2},"Initial-Setup":{"id":"Initial-Setup","title":"Initial Setup","url":"initial-setup.html","level":1,"parentId":"Creating-Mods","tabIndex":0},"Starting-A-Mod":{"id":"Starting-A-Mod","title":"Starting A Mod","url":"starting-a-mod.html","level":1,"parentId":"Creating-Mods","tabIndex":1},"Modding-Topics":{"id":"Modding-Topics","title":"Modding Topics","url":"modding-topics.html","level":0,"pages":["Fundamentals","Intermediate"],"tabIndex":3},"Fundamentals":{"id":"Fundamentals","title":"Fundamentals","url":"fundamentals.html","level":1,"parentId":"Modding-Topics","pages":["Logging","Reading-Game-Code","Patching-Code"],"tabIndex":0},"Logging":{"id":"Logging","title":"Logging","url":"logging.html","level":2,"parentId":"Fundamentals","tabIndex":0},"Reading-Game-Code":{"id":"Reading-Game-Code","title":"Reading Game Code","url":"reading-game-code.html","level":2,"parentId":"Fundamentals","tabIndex":1},"Patching-Code":{"id":"Patching-Code","title":"Patching Code","url":"patching-code.html","level":2,"parentId":"Fundamentals","tabIndex":2},"Intermediate":{"id":"Intermediate","title":"Intermediate","url":"intermediate.html","level":1,"parentId":"Modding-Topics","pages":["Custom-Configs","Asset-Bundling"],"tabIndex":1},"Custom-Configs":{"id":"Custom-Configs","title":"Custom Configs","url":"custom-configs.html","level":2,"parentId":"Intermediate","tabIndex":0},"Asset-Bundling":{"id":"Asset-Bundling","title":"Asset Bundling","url":"asset-bundling.html","level":2,"parentId":"Intermediate","tabIndex":1},"Modding-APIs":{"id":"Modding-APIs","title":"Modding APIs","url":"modding-apis.html","level":0,"pages":["Overview","Programming-APIs"],"tabIndex":4},"Overview":{"id":"Overview","title":"Overview","url":"overview.html","level":1,"parentId":"Modding-APIs","tabIndex":0},"Programming-APIs":{"id":"Programming-APIs","title":"Programming APIs","url":"programming-apis.html","level":1,"parentId":"Modding-APIs","pages":["ContentLib"],"tabIndex":1},"ContentLib":{"id":"ContentLib","title":"ContentLib","url":"contentlib.html","level":2,"parentId":"Programming-APIs","tabIndex":0},"Additional-Info":{"id":"Additional-Info","title":"Additional Info","url":"additional-info.html","level":0,"tabIndex":5}}},"topLevelIds":["Getting-Started","Installing-Mods","Creating-Mods","Modding-Topics","Modding-APIs","Additional-Info"]}