{"entities":{"pages":{"Creating-Mods":{"id":"Creating-Mods","title":"Creating Mods","url":"creating-mods.html","level":0,"pages":["Initial-Setup","Starting-A-Mod"],"tabIndex":0},"Initial-Setup":{"id":"Initial-Setup","title":"Initial Setup","url":"initial-setup.html","level":1,"parentId":"Creating-Mods","tabIndex":0},"Starting-A-Mod":{"id":"Starting-A-Mod","title":"Starting A Mod","url":"starting-a-mod.html","level":1,"parentId":"Creating-Mods","tabIndex":1},"Modding-Topics":{"id":"Modding-Topics","title":"Modding Topics","url":"modding-topics.html","level":0,"pages":["Fundamentals"],"tabIndex":1},"Fundamentals":{"id":"Fundamentals","title":"Fundamentals","url":"fundamentals.html","level":1,"parentId":"Modding-Topics","pages":["Logging"],"tabIndex":0},"Logging":{"id":"Logging","title":"Logging","url":"logging.html","level":2,"parentId":"Fundamentals","tabIndex":0}}},"topLevelIds":["Creating-Mods","Modding-Topics"]}